{
  "classesInSubtitle": "Classes",
  "structsInSubtitle": "Structs",
  "interfacesInSubtitle": "Interfaces",
  "enumsInSubtitle": "Enums",
  "delegatesInSubtitle": "Delegates",
  "constructorsInSubtitle": "Constructors",
  "fieldsInSubtitle": "Fields",
  "propertiesInSubtitle": "Properties",
  "methodsInSubtitle": "Methods",
  "eventsInSubtitle": "Events",
  "operatorsInSubtitle": "Operators",
  "contributors": "Contributors",
  "lastUpdated": "Last Updated",
  "contributor": "Contributor"
}